{"dc:identifier": "207db8b425a8", "url": "woldlanguage.csv-metadata.json", "dc:license": {"schema:name": "http://creativecommons.org/licenses/by/3.0/de/"}, "dc:publisher": {"schema:name": "Max Planck Institute for Evolutionary Anthropology", "schema:url": {"@id": "http://www.eva.mpg.de"}}, "@context": ["http://www.w3.org/ns/csvw", {"@language": "en"}], "tableSchema": {"primaryKey": "pk", "columns": [{"datatype": {"@id": "http://www.w3.org/2001/XMLSchema#int"}, "name": "pk"}, {"datatype": {"@id": "http://www.w3.org/2001/XMLSchema#int"}, "name": "vocabulary_pk"}, {"datatype": {"@id": "http://www.w3.org/2001/XMLSchema#string"}, "name": "fm_dl_id"}, {"datatype": {"@id": "http://www.w3.org/2001/XMLSchema#string"}, "name": "wals_equivalent"}, {"datatype": {"@id": "http://www.w3.org/2001/XMLSchema#string"}, "name": "affiliation"}, {"datatype": {"@id": "http://www.w3.org/2001/XMLSchema#string"}, "name": "family"}, {"datatype": {"@id": "http://www.w3.org/2001/XMLSchema#string"}, "name": "genus"}, {"datatype": {"@id": "http://www.w3.org/2001/XMLSchema#string"}, "name": "countries"}], "foreignKeys": [{"columnReference": "pk", "reference": {"columnReference": "pk", "resource": "language"}}, {"columnReference": "vocabulary_pk", "reference": {"columnReference": "pk", "resource": "vocabulary"}}]}}