{"dc:identifier": "207db8b425a8", "url": "word.csv-metadata.json", "dc:license": {"schema:name": "http://creativecommons.org/licenses/by/3.0/de/"}, "dc:publisher": {"schema:name": "Max Planck Institute for Evolutionary Anthropology", "schema:url": {"@id": "http://www.eva.mpg.de"}}, "@context": ["http://www.w3.org/ns/csvw", {"@language": "en"}], "tableSchema": {"primaryKey": "pk", "columns": [{"datatype": {"@id": "http://www.w3.org/2001/XMLSchema#float"}, "name": "borrowed_score"}, {"datatype": {"@id": "http://www.w3.org/2001/XMLSchema#float"}, "name": "age_score"}, {"datatype": {"@id": "http://www.w3.org/2001/XMLSchema#float"}, "name": "simplicity_score"}, {"datatype": {"@id": "http://www.w3.org/2001/XMLSchema#int"}, "name": "pk"}, {"datatype": {"@id": "http://www.w3.org/2001/XMLSchema#string"}, "name": "borrowed"}, {"datatype": {"@id": "http://www.w3.org/2001/XMLSchema#string"}, "name": "analyzability"}], "foreignKeys": [{"columnReference": "pk", "reference": {"columnReference": "pk", "resource": "unit"}}]}}